growth.rate,dom,light.level,time.point,genotype,frag.id,tank,.fitted,.resid,.hat,.cooksd,.fixed,.mu,.offset,.sqrtXwt,.sqrtrwt,.weights,.wtres,big.tank,dli
0.054846249,D,High Shade,T1,852,3,7,-0.278161084,0.333007332,0.105474602,0.000275835,-0.008465611,-0.278161084,0,1,1,1,0.333007332,14,0.502115527
0.02105209,D,High Shade,T2,852,3,7,1.741369011,-1.720316921,0.101838993,0.007050199,2.011064484,1.741369011,0,1,1,1,-1.720316921,14,0.502115527
-0.028643855,D,High Shade,T1,862,8,12,-0.406140741,0.377496887,0.107669337,0.000363618,-0.008465611,-0.406140741,0,1,1,1,0.377496887,16,0.502115527
0.099057059,D,High Shade,T2,862,8,12,1.613389353,-1.514332294,0.103757219,0.005589695,2.011064484,1.613389353,0,1,1,1,-1.514332294,16,0.502115527
0.028638983,D,High Shade,T1,886,12,3,0.945196964,-0.916557981,0.100234754,0.001962721,-0.008465611,0.945196964,0,1,1,1,-0.916557981,13,0.502115527
0.185973654,C,High Shade,T1,867,17,3,0.783508873,-0.597535218,0.059805565,0.00045584,0.00294743,0.783508873,0,1,1,1,-0.597535218,13,0.502115527
0.010795345,C,High Shade,T2,867,17,3,1.342278863,-1.331483518,0.061805419,0.002349044,0.56171742,1.342278863,0,1,1,1,-1.331483518,13,0.502115527
-0.332724645,D,High Shade,T1,854,29,16,-0.409795401,0.077070756,0.097124008,1.34E-05,-0.008465611,-0.409795401,0,1,1,1,0.077070756,17,0.502115527
0.047473726,D,High Shade,T2,854,29,16,1.609734694,-1.562260968,0.090697639,0.005052022,2.011064484,1.609734694,0,1,1,1,-1.562260968,17,0.502115527
0.190509325,D,High Shade,T1,876,34,16,-0.403579278,0.594088604,0.097115488,0.000793424,-0.008465611,-0.403579278,0,1,1,1,0.594088604,17,0.502115527
-0.15092472,D,High Shade,T2,876,34,16,1.615950816,-1.766875537,0.090688212,0.00646124,2.011064484,1.615950816,0,1,1,1,-1.766875537,17,0.502115527
0.564164492,D,High Shade,T1,896,38,7,-0.146151722,0.710316214,0.105321993,0.00125276,-0.008465611,-0.146151722,0,1,1,1,0.710316214,14,0.502115527
0.060694704,D,High Shade,T2,896,38,7,1.873378373,-1.812683669,0.101685678,0.007813146,2.011064484,1.873378373,0,1,1,1,-1.812683669,14,0.502115527
0.214200139,C,High Shade,T1,871,40,12,-0.178965115,0.393165254,0.059601552,0.000196591,0.00294743,-0.178965115,0,1,1,1,0.393165254,16,0.502115527
0.059852733,C,High Shade,T2,871,40,12,0.379804875,-0.319952142,0.060085089,0.000131383,0.56171742,0.379804875,0,1,1,1,-0.319952142,16,0.502115527
0.11631619,C,High Shade,T1,893,46,12,-0.226897763,0.343213953,0.058938154,0.000147934,0.00294743,-0.226897763,0,1,1,1,0.343213953,16,0.502115527
0.028970854,C,High Shade,T2,893,46,12,0.331872227,-0.302901373,0.059423185,0.000116292,0.56171742,0.331872227,0,1,1,1,-0.302901373,16,0.502115527
-0.236228175,D,High Shade,T1,867B,50,3,0.764493177,-1.000721352,0.100497225,0.002347222,-0.008465611,0.764493177,0,1,1,1,-1.000721352,13,0.502115527
0.324379377,D,High Shade,T2,867B,50,3,2.784023271,-2.459643894,0.096990174,0.013578945,2.011064484,2.784023271,0,1,1,1,-2.459643894,13,0.502115527
-0.237030577,D,High Shade,T1,912,52,16,-0.400782601,0.163752024,0.097248197,6.04E-05,-0.008465611,-0.400782601,0,1,1,1,0.163752024,17,0.502115527
-0.125060419,D,High Shade,T2,912,52,16,1.618747494,-1.743807913,0.09082157,0.006304735,2.011064484,1.618747494,0,1,1,1,-1.743807913,17,0.502115527
0.00070144,D,High Shade,T1,909,59,3,0.953316534,-0.952615094,0.100205894,0.002119438,-0.008465611,0.953316534,0,1,1,1,-0.952615094,13,0.502115527
0.001070999,D,High Shade,T1,911,68,12,-0.192677048,0.193748047,0.107654393,9.58E-05,-0.008465611,-0.192677048,0,1,1,1,0.193748047,16,0.502115527
0.080060506,D,High Shade,T2,911,68,12,1.826853046,-1.74679254,0.103744541,0.007436405,2.011064484,1.826853046,0,1,1,1,-1.74679254,16,0.502115527
0.011835436,D,High Shade,T1,916,76,3,0.763871957,-0.752036521,0.100205894,0.001320881,-0.008465611,0.763871957,0,1,1,1,-0.752036521,13,0.502115527
-0.001044888,D,High Shade,T2,916,76,3,2.783402052,-2.78444694,0.096695473,0.017337817,2.011064484,2.783402052,0,1,1,1,-2.78444694,13,0.502115527
0.052097708,D,High Shade,T1,910,80,16,-0.36523908,0.417336788,0.097104054,0.000391484,-0.008465611,-0.36523908,0,1,1,1,0.417336788,17,0.502115527
-0.021785671,D,High Shade,T2,910,80,16,1.654291015,-1.676076686,0.09067373,0.00581311,2.011064484,1.654291015,0,1,1,1,-1.676076686,17,0.502115527
0.007985635,D,High Shade,T1,922,86,7,-0.263896523,0.271882159,0.105476461,0.000183871,-0.008465611,-0.263896523,0,1,1,1,0.271882159,14,0.502115527
-0.066332026,D,High Shade,T2,922,86,7,1.755633571,-1.821965597,0.10184216,0.007908268,2.011064484,1.755633571,0,1,1,1,-1.821965597,14,0.502115527
-0.058916085,C,High Shade,T1,920,89,7,-0.248325468,0.189409383,0.064439777,4.98E-05,0.00294743,-0.248325468,0,1,1,1,0.189409383,14,0.502115527
0.023062212,C,High Shade,T2,920,89,7,0.310444522,-0.287382311,0.065027115,0.00011593,0.56171742,0.310444522,0,1,1,1,-0.287382311,14,0.502115527
0.303973679,C,High Shade,T1,894B,97,7,-0.229672382,0.53364606,0.065425032,0.000402533,0.00294743,-0.229672382,0,1,1,1,0.53364606,14,0.502115527
0.215562828,C,High Shade,T2,894B,97,7,0.329097608,-0.113534781,0.066011317,1.84E-05,0.56171742,0.329097608,0,1,1,1,-0.113534781,14,0.502115527
-0.013996569,C,High Shade,T1,873,101,3,0.743417211,-0.75741378,0.059824697,0.000732669,0.00294743,0.743417211,0,1,1,1,-0.75741378,13,0.502115527
0.021668799,C,High Shade,T2,873,101,3,1.302187201,-1.280518402,0.061824034,0.002173397,0.56171742,1.302187201,0,1,1,1,-1.280518402,13,0.502115527
-0.659848821,C,High Shade,T1,881,108,16,-0.425212568,-0.234636253,0.062035397,7.33E-05,0.00294743,-0.425212568,0,1,1,1,-0.234636253,17,0.502115527
0.305221586,C,High Shade,T2,881,108,16,0.133557422,0.171664164,0.06265893,3.97E-05,0.56171742,0.133557422,0,1,1,1,0.171664164,17,0.502115527
0.074847257,D,High Shade,T1,868,112,16,-0.408384882,0.483232138,0.09789327,0.000530063,-0.008465611,-0.408384882,0,1,1,1,0.483232138,17,0.502115527
-0.020733947,D,High Shade,T2,868,112,16,1.611145213,-1.63187916,0.091477855,0.005569288,2.011064484,1.611145213,0,1,1,1,-1.63187916,17,0.502115527
0.340991082,C,High Shade,T1,875,116,12,-0.145858202,0.486849284,0.058938154,0.000297665,0.00294743,-0.145858202,0,1,1,1,0.486849284,16,0.502115527
0.087989057,C,High Shade,T2,875,116,12,0.412911788,-0.324922731,0.059423185,0.000133815,0.56171742,0.412911788,0,1,1,1,-0.324922731,16,0.502115527
0.067572474,C,High Shade,T1,863,129,7,-0.292882179,0.360454654,0.064439777,0.000180506,0.00294743,-0.292882179,0,1,1,1,0.360454654,14,0.502115527
0.106877147,C,High Shade,T2,863,129,7,0.265887811,-0.159010663,0.065027115,3.55E-05,0.56171742,0.265887811,0,1,1,1,-0.159010663,14,0.502115527
0.020302118,C,High Shade,T1,859,133,12,-0.219772097,0.240074215,0.058938154,7.24E-05,0.00294743,-0.219772097,0,1,1,1,0.240074215,16,0.502115527
0.03660545,C,High Shade,T2,859,133,12,0.338997893,-0.302392443,0.059423185,0.000115901,0.56171742,0.338997893,0,1,1,1,-0.302392443,16,0.502115527
-0.113965717,D,High Shade,T2,878,137,16,1.594729028,-1.708694745,0.091502444,0.006107914,2.011064484,1.594729028,0,1,1,1,-1.708694745,17,0.502115527
0.001186388,C,High Shade,T1,877,141,3,0.770438148,-0.76925176,0.059805565,0.000755478,0.00294743,0.770438148,0,1,1,1,-0.76925176,13,0.502115527
-0.055367193,C,High Shade,T2,877,141,3,1.329208138,-1.384575332,0.061805419,0.002540111,0.56171742,1.329208138,0,1,1,1,-1.384575332,13,0.502115527
0.06048102,C,High Shade,T1,861,149,3,1.02460465,-0.96412363,0.059805565,0.001186726,0.00294743,1.02460465,0,1,1,1,-0.96412363,13,0.502115527
0.033554725,C,High Shade,T1,899,151,16,-0.350519237,0.384073961,0.063332403,0.000200939,0.00294743,-0.350519237,0,1,1,1,0.384073961,17,0.502115527
-0.001343307,C,High Shade,T2,899,151,16,0.208250753,-0.20959406,0.063966055,6.05E-05,0.56171742,0.208250753,0,1,1,1,-0.20959406,17,0.502115527
-0.074321013,C,High Shade,T1,860,157,3,0.968845283,-1.043166296,0.059824697,0.001389788,0.00294743,0.968845283,0,1,1,1,-1.043166296,13,0.502115527
0.283949896,C,High Shade,T2,860,157,3,1.527615273,-1.243665378,0.061824034,0.002050098,0.56171742,1.527615273,0,1,1,1,-1.243665378,13,0.502115527
0.1135031,C,High Shade,T1,890,158,12,-0.165337546,0.278840646,0.058938154,9.76E-05,0.00294743,-0.165337546,0,1,1,1,0.278840646,16,0.502115527
-0.023227675,C,High Shade,T2,890,158,12,0.393432444,-0.416660118,0.059423185,0.000220044,0.56171742,0.393432444,0,1,1,1,-0.416660118,16,0.502115527
-0.01642664,C,High Shade,T1,881,187,12,-0.227595353,0.211168713,0.057957924,5.50E-05,0.00294743,-0.227595353,0,1,1,1,0.211168713,16,0.502115527
0.041972418,C,High Shade,T2,881,187,12,0.331174637,-0.289202219,0.058426071,0.000104011,0.56171742,0.331174637,0,1,1,1,-0.289202219,16,0.502115527
0.001260656,C,High Shade,T1,905,201,7,-0.276388012,0.277648668,0.064439777,0.000107098,0.00294743,-0.276388012,0,1,1,1,0.277648668,14,0.502115527
-0.186252796,C,High Shade,T2,905,201,7,0.282381978,-0.468634774,0.065027115,0.000308279,0.56171742,0.282381978,0,1,1,1,-0.468634774,14,0.502115527
-0.439290329,C,High Shade,T1,895,205,16,-0.273067356,-0.166222973,0.063009166,3.74E-05,0.00294743,-0.273067356,0,1,1,1,-0.166222973,17,0.502115527
0.025888392,C,High Shade,T2,895,205,16,0.285702634,-0.259814242,0.063643112,9.25E-05,0.56171742,0.285702634,0,1,1,1,-0.259814242,17,0.502115527
-0.731341065,C,High Shade,T1,879,213,12,-0.201304655,-0.53003641,0.059271074,0.000355062,0.00294743,-0.201304655,0,1,1,1,-0.53003641,16,0.502115527
0.307765818,C,High Shade,T2,879,213,12,0.357465335,-0.049699517,0.059753383,3.15E-06,0.56171742,0.357465335,0,1,1,1,-0.049699517,16,0.502115527
0.035198425,C,High Shade,T1,888,218,3,0.742592103,-0.707393678,0.05983782,0.000639251,0.00294743,0.742592103,0,1,1,1,-0.707393678,13,0.502115527
0.079603171,C,High Shade,T2,888,218,3,1.301362093,-1.221758922,0.061837502,0.001978999,0.56171742,1.301362093,0,1,1,1,-1.221758922,13,0.502115527
0.133988641,C,High Shade,T1,903,225,12,-0.212387852,0.346376493,0.058938154,0.000150673,0.00294743,-0.212387852,0,1,1,1,0.346376493,16,0.502115527
0.27313724,C,High Shade,T2,903,225,12,0.346382138,-0.073244898,0.059423185,6.80E-06,0.56171742,0.346382138,0,1,1,1,-0.073244898,16,0.502115527
-0.018669898,C,High Shade,T1,902,229,7,-0.237473329,0.218803432,0.065425032,6.77E-05,0.00294743,-0.237473329,0,1,1,1,0.218803432,14,0.502115527
-0.000294599,C,High Shade,T2,902,229,7,0.321296661,-0.32159126,0.066011317,0.00014768,0.56171742,0.321296661,0,1,1,1,-0.32159126,14,0.502115527
0.166519224,C,High Shade,T1,891,232,7,-0.228119518,0.394638742,0.064747212,0.000217541,0.00294743,-0.228119518,0,1,1,1,0.394638742,14,0.502115527
-0.030704678,C,High Shade,T2,891,232,7,0.330650472,-0.361355149,0.065334247,0.000184279,0.56171742,0.330650472,0,1,1,1,-0.361355149,14,0.502115527
0.108105633,C,High Shade,T1,855,234,16,-0.400693162,0.508798796,0.063018023,0.000350649,0.00294743,-0.400693162,0,1,1,1,0.508798796,17,0.502115527
0.026869752,C,High Shade,T2,855,234,16,0.158076828,-0.131207076,0.063652485,2.36E-05,0.56171742,0.158076828,0,1,1,1,-0.131207076,17,0.502115527
0.161560657,C,High Shade,T1,885,245,3,0.842857625,-0.681296968,0.059805565,0.000592595,0.00294743,0.842857625,0,1,1,1,-0.681296968,13,0.502115527
0.057367865,C,High Shade,T2,885,245,3,1.401627615,-1.344259749,0.061805419,0.00239434,0.56171742,1.401627615,0,1,1,1,-1.344259749,13,0.502115527
-0.015808315,C,High Shade,T1,865,254,7,-0.226811369,0.211003054,0.064753228,6.22E-05,0.00294743,-0.226811369,0,1,1,1,0.211003054,14,0.502115527
-0.123041447,C,High Shade,T2,865,254,7,0.331958621,-0.455000068,0.065340916,0.0002922,0.56171742,0.331958621,0,1,1,1,-0.455000068,14,0.502115527
0.610909244,C,High Shade,T1,901,259,16,-0.332541489,0.943450733,0.063009166,0.001205453,0.00294743,-0.332541489,0,1,1,1,0.943450733,17,0.502115527
0.104328357,C,High Shade,T2,901,259,16,0.226228501,-0.121900144,0.063643112,2.04E-05,0.56171742,0.226228501,0,1,1,1,-0.121900144,17,0.502115527
0.078404227,C,High Shade,T1,887,263,12,-0.182981839,0.261386066,0.058938154,8.58E-05,0.00294743,-0.182981839,0,1,1,1,0.261386066,16,0.502115527
0.059765148,C,High Shade,T2,887,263,12,0.375788151,-0.316023003,0.059423185,0.000126585,0.56171742,0.375788151,0,1,1,1,-0.316023003,16,0.502115527
0.170465317,C,High Shade,T1,894,265,16,-0.368535065,0.539000382,0.064004688,0.000400517,0.00294743,-0.368535065,0,1,1,1,0.539000382,17,0.502115527
0.400271858,C,High Shade,T2,894,265,16,0.190234925,0.210036933,0.064637718,6.15E-05,0.56171742,0.190234925,0,1,1,1,0.210036933,17,0.502115527
0.22496121,C,High Shade,T1,883,268,3,0.761798084,-0.536836874,0.059824697,0.000368066,0.00294743,0.761798084,0,1,1,1,-0.536836874,13,0.502115527
0.100317815,C,High Shade,T2,883,268,3,1.320568074,-1.220250258,0.061824034,0.001973628,0.56171742,1.320568074,0,1,1,1,-1.220250258,13,0.502115527
0.085101781,C,High Shade,T1,869,273,16,-0.41918913,0.504290911,0.063009166,0.000344409,0.00294743,-0.41918913,0,1,1,1,0.504290911,17,0.502115527
-0.08467271,C,High Shade,T2,869,273,16,0.13958086,-0.22425357,0.063643112,6.89E-05,0.56171742,0.13958086,0,1,1,1,-0.22425357,17,0.502115527
0.031276586,C,High Shade,T1,900,276,3,0.832139016,-0.800862429,0.060467603,0.000829075,0.00294743,0.832139016,0,1,1,1,-0.800862429,13,0.502115527
-0.033907425,C,High Shade,T1,858,283,12,-0.196390291,0.162482867,0.059440841,3.35E-05,0.00294743,-0.196390291,0,1,1,1,0.162482867,16,0.502115527
0.139366524,C,High Shade,T2,858,283,12,0.362379699,-0.223013174,0.059924121,6.36E-05,0.56171742,0.362379699,0,1,1,1,-0.223013174,16,0.502115527
0.093786632,D,High Shade,T1,852,4,15,0.1070224,-0.013235768,0.089907348,3.59E-07,0.113890717,0.1070224,0,1,1,1,-0.013235768,17,0.502115527
-0.099235119,D,High Shade,T2,852,4,15,0.02825033,-0.127485449,0.104278384,3.99E-05,0.035118648,0.02825033,0,1,1,1,-0.127485449,17,0.502115527
0.179782327,D,High Shade,T1,862,9,8,-0.095764475,0.275546802,0.0931578,0.000162303,0.113890717,-0.095764475,0,1,1,1,0.275546802,14,0.502115527
0.201045115,D,High Shade,T2,862,9,8,-0.174536545,0.37558166,0.108244194,0.000362327,0.035118648,-0.174536545,0,1,1,1,0.37558166,14,0.502115527
0.029611407,D,High Shade,T1,886,10,11,0.232429773,-0.202818366,0.092583522,8.73E-05,0.113890717,0.232429773,0,1,1,1,-0.202818366,16,0.502115527
0.036266872,D,High Shade,T2,886,10,11,0.153657703,-0.117390831,0.107623988,3.51E-05,0.035118648,0.153657703,0,1,1,1,-0.117390831,16,0.502115527
0.122081504,C,High Shade,T1,867,16,11,0.13987449,-0.017792986,0.059082303,3.99E-07,0.194436565,0.13987449,0,1,1,1,-0.017792986,16,0.502115527
0.034904054,C,High Shade,T2,867,16,11,0.042753404,-0.00784935,0.059082303,7.76E-08,0.09731548,0.042753404,0,1,1,1,-0.00784935,16,0.502115527
-0.122486431,D,High Shade,T1,864,21,15,0.126187383,-0.248673814,0.090541235,0.000127738,0.113890717,0.126187383,0,1,1,1,-0.248673814,17,0.502115527
0.118317247,D,High Shade,T2,864,21,15,0.047415313,0.070901934,0.104892951,1.24E-05,0.035118648,0.047415313,0,1,1,1,0.070901934,17,0.502115527
0.208765442,D,High Shade,T1,880,24,15,0.138873266,0.069892176,0.091352345,1.02E-05,0.113890717,0.138873266,0,1,1,1,0.069892176,17,0.502115527
0.090849611,D,High Shade,T1,854,27,4,0.096837351,-0.00598774,0.095903722,7.94E-08,0.113890717,0.096837351,0,1,1,1,-0.00598774,13,0.502115527
-0.015089762,D,High Shade,T2,854,27,4,0.018065281,-0.033155043,0.107976876,2.81E-06,0.035118648,0.018065281,0,1,1,1,-0.033155043,13,0.502115527
0.092615264,D,High Shade,T1,876,33,4,0.103053474,-0.01043821,0.095891803,2.41E-07,0.113890717,0.103053474,0,1,1,1,-0.01043821,13,0.502115527
0.027995829,D,High Shade,T2,876,33,4,0.024281404,0.003714425,0.107966834,3.53E-08,0.035118648,0.024281404,0,1,1,1,0.003714425,13,0.502115527
0.638551459,D,High Shade,T1,896,37,15,0.239031762,0.399519698,0.089752064,0.000326272,0.113890717,0.239031762,0,1,1,1,0.399519698,17,0.502115527
0.137721334,D,High Shade,T2,896,37,15,0.160259692,-0.022538358,0.104120799,1.24E-06,0.035118648,0.160259692,0,1,1,1,-0.022538358,17,0.502115527
0.061133965,C,High Shade,T1,893,45,4,0.151250582,-0.090116616,0.059381193,1.03E-05,0.194436565,0.151250582,0,1,1,1,-0.090116616,13,0.502115527
-0.000828204,C,High Shade,T2,893,45,4,0.054129497,-0.0549577,0.059381193,3.83E-06,0.09731548,0.054129497,0,1,1,1,-0.0549577,13,0.502115527
0.097906728,D,High Shade,T1,867B,49,11,0.051725986,0.046180742,0.093371557,4.57E-06,0.113890717,0.051725986,0,1,1,1,0.046180742,16,0.502115527
-0.011373427,D,High Shade,T1,912,51,8,0.10721088,-0.118584307,0.093798287,3.03E-05,0.113890717,0.10721088,0,1,1,1,-0.118584307,14,0.502115527
0.110103787,D,High Shade,T1,916,54,11,0.051104767,0.05899902,0.092560061,7.38E-06,0.113890717,0.051104767,0,1,1,1,0.05899902,16,0.502115527
-0.001172448,D,High Shade,T2,916,54,11,-0.027667303,0.026494855,0.107602131,1.79E-06,0.035118648,-0.027667303,0,1,1,1,0.026494855,16,0.502115527
-0.028933072,D,High Shade,T1,909,58,11,0.240549344,-0.269482416,0.092560061,0.000154038,0.113890717,0.240549344,0,1,1,1,-0.269482416,16,0.502115527
0.09402092,D,High Shade,T2,909,58,11,0.161777274,-0.067756354,0.107602131,1.17E-05,0.035118648,0.161777274,0,1,1,1,-0.067756354,16,0.502115527
0.115570562,D,High Shade,T1,910,79,8,0.142754402,-0.02718384,0.093128115,1.58E-06,0.113890717,0.142754402,0,1,1,1,-0.02718384,14,0.502115527
0.044320354,D,High Shade,T2,910,79,8,0.063982332,-0.019661977,0.108219002,9.93E-07,0.035118648,0.063982332,0,1,1,1,-0.019661977,14,0.502115527
-0.040943645,D,High Shade,T1,911,81,15,0.138659036,-0.179602681,0.089767653,6.60E-05,0.113890717,0.138659036,0,1,1,1,-0.179602681,17,0.502115527
0.097244556,D,High Shade,T2,911,81,15,0.059886966,0.037357589,0.1041381,3.42E-06,0.035118648,0.059886966,0,1,1,1,0.037357589,17,0.502115527
0.09148587,D,High Shade,T1,922,85,4,0.098966414,-0.007480544,0.096046021,1.24E-07,0.113890717,0.098966414,0,1,1,1,-0.007480544,13,0.502115527
-0.000863365,D,High Shade,T2,922,85,4,0.020194344,-0.021057709,0.108115097,1.14E-06,0.035118648,0.020194344,0,1,1,1,-0.021057709,13,0.502115527
0.089729255,C,High Shade,T1,920,88,15,0.205990824,-0.116261569,0.060515518,1.75E-05,0.194436565,0.205990824,0,1,1,1,-0.116261569,17,0.502115527
0.27054238,C,High Shade,T2,920,88,15,0.108869738,0.161672642,0.060515518,3.38E-05,0.09731548,0.108869738,0,1,1,1,0.161672642,17,0.502115527
0.1141278,C,High Shade,T1,873,104,8,0.131302054,-0.017174254,0.061050849,3.85E-07,0.194436565,0.131302054,0,1,1,1,-0.017174254,14,0.502115527
-0.001241036,C,High Shade,T2,873,104,8,0.034180968,-0.035422004,0.061050849,1.64E-06,0.09731548,0.034180968,0,1,1,1,-0.035422004,14,0.502115527
-0.035205135,C,High Shade,T1,881,106,11,0.120394495,-0.15559963,0.058534778,3.02E-05,0.194436565,0.120394495,0,1,1,1,-0.15559963,16,0.502115527
0.147616393,C,High Shade,T2,881,106,11,0.02327341,0.124342983,0.058534778,1.93E-05,0.09731548,0.02327341,0,1,1,1,0.124342983,16,0.502115527
0.484071984,C,High Shade,T1,875,115,4,0.232290143,0.25178184,0.059381193,8.03E-05,0.194436565,0.232290143,0,1,1,1,0.25178184,13,0.502115527
0.050032606,C,High Shade,T2,875,115,4,0.135169058,-0.085136452,0.059381193,9.18E-06,0.09731548,0.135169058,0,1,1,1,-0.085136452,13,0.502115527
-0.029930568,C,High Shade,T1,866,120,4,0.179877696,-0.209808264,0.059719616,5.61E-05,0.194436565,0.179877696,0,1,1,1,-0.209808264,13,0.502115527
0.073360893,C,High Shade,T2,866,120,4,0.082756611,-0.009395718,0.059719616,1.13E-07,0.09731548,0.082756611,0,1,1,1,-0.009395718,13,0.502115527
0.140769691,C,High Shade,T1,863,128,15,0.161434112,-0.020664421,0.060515518,5.52E-07,0.194436565,0.161434112,0,1,1,1,-0.020664421,17,0.502115527
0.17181241,C,High Shade,T2,863,128,15,0.064313027,0.107499383,0.060515518,1.50E-05,0.09731548,0.064313027,0,1,1,1,0.107499383,17,0.502115527
0.000745022,C,High Shade,T1,859,132,4,0.158376248,-0.157631226,0.059381193,3.15E-05,0.194436565,0.158376248,0,1,1,1,-0.157631226,13,0.502115527
0.170210694,C,High Shade,T2,859,132,4,0.061255163,0.108955532,0.059381193,1.50E-05,0.09731548,0.061255163,0,1,1,1,0.108955532,13,0.502115527
0.316541664,D,High Shade,T1,878,136,8,0.083192415,0.233349249,0.093580385,0.000117036,0.113890717,0.083192415,0,1,1,1,0.233349249,14,0.502115527
-0.100584396,D,High Shade,T2,878,136,8,0.004420345,-0.105004741,0.108655488,2.85E-05,0.035118648,0.004420345,0,1,1,1,-0.105004741,14,0.502115527
0.229727672,C,High Shade,T1,877,140,11,0.126803765,0.102923907,0.059082303,1.33E-05,0.194436565,0.126803765,0,1,1,1,0.102923907,16,0.502115527
-0.021244656,C,High Shade,T2,877,140,11,0.02968268,-0.050927336,0.059082303,3.27E-06,0.09731548,0.02968268,0,1,1,1,-0.050927336,16,0.502115527
0.181181027,C,High Shade,T1,UNKNOWN2,144,15,0.22070911,-0.039528083,0.061516572,2.06E-06,0.194436565,0.22070911,0,1,1,1,-0.039528083,17,0.502115527
0.319476995,C,High Shade,T2,UNKNOWN2,144,15,0.123588025,0.19588897,0.061516572,5.06E-05,0.09731548,0.123588025,0,1,1,1,0.19588897,17,0.502115527
0.297801099,C,High Shade,T1,861,146,11,0.380970267,-0.083169168,0.059082303,8.71E-06,0.194436565,0.380970267,0,1,1,1,-0.083169168,16,0.502115527
0.1294981,C,High Shade,T2,861,146,11,0.283849182,-0.154351081,0.059082303,3.00E-05,0.09731548,0.283849182,0,1,1,1,-0.154351081,16,0.502115527
0.329411333,C,High Shade,T1,899,150,8,0.226607052,0.102804281,0.061374632,1.39E-05,0.194436565,0.226607052,0,1,1,1,0.102804281,14,0.502115527
-0.094974095,C,High Shade,T2,899,150,8,0.129485967,-0.224460062,0.061374632,6.62E-05,0.09731548,0.129485967,0,1,1,1,-0.224460062,14,0.502115527
0.089763327,C,High Shade,T1,860,154,8,0.356730126,-0.266966799,0.061050849,9.31E-05,0.194436565,0.356730126,0,1,1,1,-0.266966799,14,0.502115527
0.185494683,C,High Shade,T2,860,154,8,0.259609041,-0.074114358,0.061050849,7.18E-06,0.09731548,0.259609041,0,1,1,1,-0.074114358,14,0.502115527
0.54231542,C,High Shade,T1,890,159,4,0.212810798,0.329504621,0.059381193,0.000137507,0.194436565,0.212810798,0,1,1,1,0.329504621,13,0.502115527
0.065236236,C,High Shade,T2,890,159,4,0.115689713,-0.050453478,0.059381193,3.22E-06,0.09731548,0.115689713,0,1,1,1,-0.050453478,13,0.502115527
0.255818041,C,High Shade,T1,872,192,15,0.21273682,0.04308122,0.061171212,2.43E-06,0.194436565,0.21273682,0,1,1,1,0.04308122,17,0.502115527
0.132470577,C,High Shade,T2,872,192,15,0.115615735,0.016854841,0.061171212,3.72E-07,0.09731548,0.115615735,0,1,1,1,0.016854841,17,0.502115527
0.108341409,C,High Shade,T1,858,196,11,0.151599557,-0.043258148,0.059582591,2.38E-06,0.194436565,0.151599557,0,1,1,1,-0.043258148,16,0.502115527
-0.153842895,C,High Shade,T2,858,196,11,0.054478471,-0.208321367,0.059582591,5.52E-05,0.09731548,0.054478471,0,1,1,1,-0.208321367,16,0.502115527
0.030574357,C,High Shade,T1,905,200,15,0.177928279,-0.147353923,0.060515518,2.81E-05,0.194436565,0.177928279,0,1,1,1,-0.147353923,17,0.502115527
0.102074073,C,High Shade,T2,905,200,15,0.080807194,0.021266879,0.060515518,5.85E-07,0.09731548,0.080807194,0,1,1,1,0.021266879,17,0.502115527
0.102463101,C,High Shade,T1,895,204,8,0.304058933,-0.201595832,0.061047845,5.31E-05,0.194436565,0.304058933,0,1,1,1,-0.201595832,14,0.502115527
0.056474173,C,High Shade,T2,895,204,8,0.206937847,-0.150463674,0.061047845,2.96E-05,0.09731548,0.206937847,0,1,1,1,-0.150463674,14,0.502115527
0.137840336,C,High Shade,T1,879,212,4,0.17684369,-0.039003354,0.059717575,1.94E-06,0.194436565,0.17684369,0,1,1,1,-0.039003354,13,0.502115527
0.174462548,C,High Shade,T2,879,212,4,0.079722605,0.094739943,0.059717575,1.14E-05,0.09731548,0.079722605,0,1,1,1,0.094739943,13,0.502115527
0.372056512,C,High Shade,T1,888,219,15,0.151436764,0.220619748,0.060532924,6.30E-05,0.194436565,0.151436764,0,1,1,1,0.220619748,17,0.502115527
0.355863531,C,High Shade,T2,888,219,15,0.054315678,0.301547853,0.060532924,0.000117685,0.09731548,0.054315678,0,1,1,1,0.301547853,17,0.502115527
0.136470479,C,High Shade,T1,903,224,4,0.165760493,-0.029290014,0.059381193,1.09E-06,0.194436565,0.165760493,0,1,1,1,-0.029290014,13,0.502115527
0.115424701,C,High Shade,T2,903,224,4,0.068639408,0.046785293,0.059381193,2.77E-06,0.09731548,0.068639408,0,1,1,1,0.046785293,13,0.502115527
0.281415895,C,High Shade,T1,891,233,15,0.226196773,0.055219122,0.060827899,3.97E-06,0.194436565,0.226196773,0,1,1,1,0.055219122,17,0.502115527
0.072387644,C,High Shade,T2,891,233,15,0.129075688,-0.056688044,0.060827899,4.18E-06,0.09731548,0.129075688,0,1,1,1,-0.056688044,17,0.502115527
0.045817259,C,High Shade,T1,855,235,11,0.144913901,-0.099096642,0.059105498,1.24E-05,0.194436565,0.144913901,0,1,1,1,-0.099096642,16,0.502115527
0.139282533,C,High Shade,T2,855,235,11,0.047792815,0.091489717,0.059105498,1.05E-05,0.09731548,0.047792815,0,1,1,1,0.091489717,16,0.502115527
0.129200925,C,High Shade,T1,892,241,8,0.195893978,-0.066693053,0.061379312,5.85E-06,0.194436565,0.195893978,0,1,1,1,-0.066693053,14,0.502115527
0.059426062,C,High Shade,T2,892,241,8,0.098772893,-0.039346831,0.061379312,2.04E-06,0.09731548,0.098772893,0,1,1,1,-0.039346831,14,0.502115527
0.454601133,C,High Shade,T1,885,244,11,0.199223242,0.255377891,0.059082303,8.21E-05,0.194436565,0.199223242,0,1,1,1,0.255377891,16,0.502115527
0.012485471,C,High Shade,T2,885,244,11,0.102102156,-0.089616685,0.059082303,1.01E-05,0.09731548,0.102102156,0,1,1,1,-0.089616685,16,0.502115527
0.397691255,C,High Shade,T1,882,249,4,0.154388233,0.243303022,0.059702447,7.54E-05,0.194436565,0.154388233,0,1,1,1,0.243303022,13,0.502115527
-0.078911676,C,High Shade,T2,882,249,4,0.057267148,-0.136178824,0.059702447,2.36E-05,0.09731548,0.057267148,0,1,1,1,-0.136178824,13,0.502115527
0.298034495,C,High Shade,T1,865,253,11,0.175025879,0.123008615,0.059427018,1.92E-05,0.194436565,0.175025879,0,1,1,1,0.123008615,16,0.502115527
0.08216214,C,High Shade,T2,865,253,11,0.077904794,0.004257346,0.059427018,2.30E-08,0.09731548,0.077904794,0,1,1,1,0.004257346,16,0.502115527
0.37298577,C,High Shade,T1,901,258,8,0.2445848,0.12840097,0.061047845,2.15E-05,0.194436565,0.2445848,0,1,1,1,0.12840097,14,0.502115527
0.232431812,C,High Shade,T2,901,258,8,0.147463714,0.084968097,0.061047845,9.43E-06,0.09731548,0.147463714,0,1,1,1,0.084968097,14,0.502115527
0.182642515,C,High Shade,T1,887,262,4,0.195166506,-0.012523991,0.059381193,1.99E-07,0.194436565,0.195166506,0,1,1,1,-0.012523991,13,0.502115527
-0.000870165,C,High Shade,T2,887,262,4,0.098045421,-0.098915586,0.059381193,1.24E-05,0.09731548,0.098045421,0,1,1,1,-0.098915586,13,0.502115527
0.216042249,C,High Shade,T1,883,271,8,0.149682926,0.066359322,0.061050849,5.75E-06,0.194436565,0.149682926,0,1,1,1,0.066359322,14,0.502115527
0.111855168,C,High Shade,T2,883,271,8,0.052561841,0.059293327,0.061050849,4.59E-06,0.09731548,0.052561841,0,1,1,1,0.059293327,14,0.502115527
0.086358494,C,High Shade,T1,869,272,8,0.157937159,-0.071578665,0.061047845,6.69E-06,0.194436565,0.157937159,0,1,1,1,-0.071578665,14,0.502115527
0.20291914,C,High Shade,T2,869,272,8,0.060816074,0.142103066,0.061047845,2.64E-05,0.09731548,0.060816074,0,1,1,1,0.142103066,14,0.502115527
0.369950056,C,High Shade,T1,900,277,11,0.188504633,0.181445423,0.059251662,4.16E-05,0.194436565,0.188504633,0,1,1,1,0.181445423,16,0.502115527
0.163955856,C,High Shade,T2,900,277,11,0.091383548,0.072572309,0.059251662,6.65E-06,0.09731548,0.091383548,0,1,1,1,0.072572309,16,0.502115527
0.043503938,C,High Shade,T1,853,288,15,0.262227287,-0.218723349,0.06115932,6.26E-05,0.194436565,0.262227287,0,1,1,1,-0.218723349,17,0.502115527
0.057466571,C,High Shade,T2,853,288,15,0.165106202,-0.107639631,0.06115932,1.52E-05,0.09731548,0.165106202,0,1,1,1,-0.107639631,17,0.502115527
0.419839087,D,Low Shade,T1,852,1,2,0.863181056,-0.443341969,0.101971301,0.00046898,0.479486482,0.863181056,0,1,1,1,-0.443341969,13,1.669708749
0.574376866,D,Low Shade,T2,852,1,2,-0.337906258,0.912283124,0.101969811,0.001985765,-0.721600832,-0.337906258,0,1,1,1,0.912283124,13,1.420391927
0.114340451,D,Low Shade,T1,862,7,14,-0.032225233,0.146565683,0.100369269,5.03E-05,0.479486482,-0.032225233,0,1,1,1,0.146565683,17,1.669708749
0.016563491,D,Low Shade,T1,886,13,6,0.441160924,-0.424597432,0.102861464,0.000434778,0.479486482,0.441160924,0,1,1,1,-0.424597432,14,1.669708749
0.124392921,D,Low Shade,T2,886,13,6,-0.759926391,0.884319312,0.102858852,0.001885893,-0.721600832,-0.759926391,0,1,1,1,0.884319312,14,1.420391927
0.468885525,C,Low Shade,T1,867,15,14,0.617751615,-0.14886609,0.063680256,3.04E-05,0.942850988,0.617751615,0,1,1,1,-0.14886609,17,1.669708749
0.480585744,C,Low Shade,T2,867,15,14,0.27781127,0.202774474,0.062925545,5.56E-05,0.602910643,0.27781127,0,1,1,1,0.202774474,17,1.420391927
0.181019805,D,Low Shade,T1,854,28,10,0.530791362,-0.349771557,0.106053925,0.000306374,0.479486482,0.530791362,0,1,1,1,-0.349771557,16,1.669708749
0.28274261,D,Low Shade,T2,854,28,10,-0.670295952,0.953038562,0.106052866,0.002274565,-0.721600832,-0.670295952,0,1,1,1,0.953038562,16,1.420391927
0.874530709,D,Low Shade,T1,876,32,6,0.281626127,0.592904581,0.10285606,0.000847723,0.479486482,0.281626127,0,1,1,1,0.592904581,14,1.669708749
-0.381246969,D,Low Shade,T2,876,32,6,-0.919461187,0.538214217,0.102853647,0.000698525,-0.721600832,-0.919461187,0,1,1,1,0.538214217,14,1.420391927
2.646314363,D,Low Shade,T1,896,36,10,0.650665226,1.995649137,0.106037114,0.009971628,0.479486482,0.650665226,0,1,1,1,1.995649137,16,1.669708749
1.031460126,D,Low Shade,T2,896,36,10,-0.550422088,1.581882214,0.106035073,0.00626521,-0.721600832,-0.550422088,0,1,1,1,1.581882214,16,1.420391927
0.261176913,C,Low Shade,T1,893,44,6,0.712641893,-0.451464979,0.058592674,0.000254282,0.942850988,0.712641893,0,1,1,1,-0.451464979,14,1.669708749
0.203986693,C,Low Shade,T2,893,44,6,0.372701548,-0.168714855,0.057961149,3.51E-05,0.602910643,0.372701548,0,1,1,1,-0.168714855,14,1.420391927
0.289639395,D,Low Shade,T1,867B,48,14,0.146784454,0.142854941,0.10062562,4.79E-05,0.479486482,0.146784454,0,1,1,1,0.142854941,17,1.669708749
0.010740615,D,Low Shade,T2,867B,48,14,-1.05430286,1.065043475,0.100627955,0.002662891,-0.721600832,-1.05430286,0,1,1,1,1.065043475,17,1.420391927
0.086444054,D,Low Shade,T1,916,55,14,0.146163235,-0.059719181,0.100334937,8.34E-06,0.479486482,0.146163235,0,1,1,1,-0.059719181,17,1.669708749
0.295994927,D,Low Shade,T2,916,55,14,-1.054924079,1.350919006,0.10033324,0.004268928,-0.721600832,-1.054924079,0,1,1,1,1.350919006,17,1.420391927
0.000254018,D,Low Shade,T1,909,57,14,0.335607812,-0.335353794,0.100334937,0.000263073,0.479486482,0.335607812,0,1,1,1,-0.335353794,17,1.669708749
0.154916338,D,Low Shade,T2,909,57,14,-0.865479503,1.020395841,0.10033324,0.002435553,-0.721600832,-0.865479503,0,1,1,1,1.020395841,17,1.420391927
0.371523293,D,Low Shade,T1,912,64,2,0.884329354,-0.512806061,0.10194951,0.00062729,0.479486482,0.884329354,0,1,1,1,-0.512806061,13,1.669708749
0.583086077,D,Low Shade,T2,912,64,2,-0.31675796,0.899844038,0.101946631,0.001931443,-0.721600832,-0.31675796,0,1,1,1,0.899844038,13,1.420391927
0.942170394,D,Low Shade,T1,910,69,2,0.919872875,0.022297519,0.101809748,1.18E-06,0.479486482,0.919872875,0,1,1,1,0.022297519,13,1.669708749
0.385425566,D,Low Shade,T2,910,69,2,-0.281214439,0.666640006,0.101803774,0.001058237,-0.721600832,-0.281214439,0,1,1,1,0.666640006,13,1.420391927
0.4579224,C,Low Shade,T1,919,73,6,0.754101208,-0.296178808,0.059624982,0.000111612,0.942850988,0.754101208,0,1,1,1,-0.296178808,14,1.669708749
0.486058379,C,Low Shade,T2,919,73,6,0.414160863,0.071897516,0.058995243,6.50E-06,0.602910643,0.414160863,0,1,1,1,0.071897516,14,1.420391927
-0.080148954,D,Low Shade,T1,911,82,6,0.294911143,-0.375060097,0.102860736,0.000339243,0.479486482,0.294911143,0,1,1,1,-0.375060097,14,1.669708749
0.146425962,D,Low Shade,T2,911,82,6,-0.906176171,1.052602133,0.102858683,0.002671939,-0.721600832,-0.906176171,0,1,1,1,1.052602133,14,1.420391927
0.141737203,D,Low Shade,T1,922,84,10,0.532920425,-0.391183221,0.106189517,0.000383822,0.479486482,0.532920425,0,1,1,1,-0.391183221,16,1.669708749
0.204447903,D,Low Shade,T2,922,84,10,-0.668166889,0.872614792,0.106189352,0.001909914,-0.721600832,-0.668166889,0,1,1,1,0.872614792,16,1.420391927
0.228790102,C,Low Shade,T1,920,87,10,1.000442945,-0.771652843,0.069326297,0.000899344,0.942850988,1.000442945,0,1,1,1,-0.771652843,16,1.669708749
0.313888942,C,Low Shade,T2,920,87,10,0.660502601,-0.346613659,0.068516498,0.000179026,0.602910643,0.660502601,0,1,1,1,-0.346613659,16,1.420391927
0.049747443,C,Low Shade,T1,873,103,14,0.577659953,-0.527912509,0.063688191,0.00038205,0.942850988,0.577659953,0,1,1,1,-0.527912509,17,1.669708749
0.196403801,C,Low Shade,T2,873,103,14,0.237719608,-0.041315807,0.062935306,2.31E-06,0.602910643,0.237719608,0,1,1,1,-0.041315807,17,1.420391927
0.104376268,C,Low Shade,T1,881,105,6,0.711944303,-0.607568034,0.058051955,0.000455755,0.942850988,0.711944303,0,1,1,1,-0.607568034,14,1.669708749
0.21887225,C,Low Shade,T2,881,105,6,0.372003958,-0.153131708,0.057419413,2.86E-05,0.602910643,0.372003958,0,1,1,1,-0.153131708,14,1.420391927
0.868288522,D,Low Shade,T1,868,110,2,0.876727073,-0.00843855,0.10311654,1.72E-07,0.479486482,0.876727073,0,1,1,1,-0.00843855,13,1.669708749
0.096001031,C,Low Shade,T1,875,114,6,0.793681454,-0.697680423,0.058592674,0.000607267,0.942850988,0.793681454,0,1,1,1,-0.697680423,14,1.669708749
0.484768563,C,Low Shade,T2,875,114,6,0.453741109,0.031027454,0.057961149,1.19E-06,0.602910643,0.453741109,0,1,1,1,0.031027454,14,1.420391927
0.855209461,C,Low Shade,T1,866,118,2,1.341175556,-0.485966095,0.071126344,0.000367374,0.942850988,1.341175556,0,1,1,1,-0.485966095,13,1.669708749
0.203100596,C,Low Shade,T2,866,118,2,1.001235211,-0.798134615,0.068488676,0.000948798,0.602910643,1.001235211,0,1,1,1,-0.798134615,13,1.420391927
0.270163552,C,Low Shade,T1,863,127,10,0.955886234,-0.685722682,0.069326297,0.000710197,0.942850988,0.955886234,0,1,1,1,-0.685722682,16,1.669708749
0.421556719,C,Low Shade,T2,863,127,10,0.615945889,-0.19438917,0.068516498,5.63E-05,0.602910643,0.615945889,0,1,1,1,-0.19438917,16,1.420391927
0.10676361,C,Low Shade,T1,859,131,6,0.719767559,-0.613003948,0.058592674,0.000468806,0.942850988,0.719767559,0,1,1,1,-0.613003948,14,1.669708749
0.166936179,C,Low Shade,T2,859,131,6,0.379827214,-0.212891035,0.057961149,5.59E-05,0.602910643,0.379827214,0,1,1,1,-0.212891035,14,1.420391927
-0.030455148,D,Low Shade,T2,878,135,2,-0.340776426,0.310321278,0.10277879,0.00023201,-0.721600832,-0.340776426,0,1,1,1,0.310321278,13,1.420391927
0.382263979,C,Low Shade,T1,877,139,14,0.60468089,-0.222416911,0.063680256,6.78E-05,0.942850988,0.60468089,0,1,1,1,-0.222416911,17,1.669708749
0.598341042,C,Low Shade,T2,877,139,14,0.264740546,0.333600496,0.062925545,0.000150491,0.602910643,0.264740546,0,1,1,1,0.333600496,17,1.420391927
0.436738782,C,Low Shade,T1,UNKNOWN1,142,14,0.64689778,-0.210158998,0.064690714,6.16E-05,0.942850988,0.64689778,0,1,1,1,-0.210158998,17,1.669708749
0.726470605,C,Low Shade,T2,UNKNOWN1,142,14,0.306957436,0.41951317,0.063938025,0.000242337,0.602910643,0.306957436,0,1,1,1,0.41951317,17,1.420391927
0.100822505,C,Low Shade,T1,861,147,14,0.858847392,-0.758024887,0.063680256,0.000787594,0.942850988,0.858847392,0,1,1,1,-0.758024887,17,1.669708749
0.681260654,C,Low Shade,T2,861,147,14,0.518907048,0.162353607,0.062925545,3.56E-05,0.602910643,0.518907048,0,1,1,1,0.162353607,17,1.420391927
1.305932699,C,Low Shade,T1,899,153,10,1.042018991,0.263913708,0.069639574,0.000105744,0.942850988,1.042018991,0,1,1,1,0.263913708,16,1.669708749
2.341982769,C,Low Shade,T2,899,153,10,0.702078647,1.639904123,0.068830813,0.004028482,0.602910643,0.702078647,0,1,1,1,1.639904123,16,1.420391927
0.913422813,C,Low Shade,T1,860,155,14,0.803088025,0.110334788,0.063688191,1.67E-05,0.942850988,0.803088025,0,1,1,1,0.110334788,17,1.669708749
1.582181094,C,Low Shade,T2,860,155,14,0.463147681,1.119033413,0.062935306,0.001693636,0.602910643,0.463147681,0,1,1,1,1.119033413,17,1.420391927
0.90172029,C,Low Shade,T1,890,160,6,0.774202109,0.127518181,0.058592674,2.03E-05,0.942850988,0.774202109,0,1,1,1,0.127518181,14,1.669708749
0.892377599,C,Low Shade,T2,890,160,6,0.434261765,0.458115834,0.057961149,0.00025866,0.602910643,0.434261765,0,1,1,1,0.458115834,14,1.420391927
0.356839795,C,Low Shade,T2,858,195,2,1.003115569,-0.646275774,0.069336298,0.000630942,0.602910643,1.003115569,0,1,1,1,-0.646275774,13,1.420391927
0.096958886,C,Low Shade,T1,905,199,10,0.972380401,-0.875421515,0.069326297,0.001157487,0.942850988,0.972380401,0,1,1,1,-0.875421515,16,1.669708749
0.17477601,C,Low Shade,T2,905,199,10,0.632440056,-0.457664046,0.068516498,0.000312117,0.602910643,0.632440056,0,1,1,1,-0.457664046,16,1.420391927
0.172255546,C,Low Shade,T2,895,203,2,1.124055719,-0.951800173,0.068160588,0.001341904,0.602910643,1.124055719,0,1,1,1,-0.951800173,13,1.420391927
0.10503447,C,Low Shade,T1,856,208,6,0.70385714,-0.598822669,0.059272445,0.000453211,0.942850988,0.70385714,0,1,1,1,-0.598822669,14,1.669708749
0.006723781,C,Low Shade,T2,856,208,6,0.363916795,-0.357193014,0.058643149,0.000159328,0.602910643,0.363916795,0,1,1,1,-0.357193014,14,1.420391927
0.370254312,C,Low Shade,T1,888,220,10,0.945888885,-0.575634573,0.06933499,0.000500539,0.942850988,0.945888885,0,1,1,1,-0.575634573,16,1.669708749
0.159541523,C,Low Shade,T2,888,220,10,0.605948541,-0.446407018,0.068525376,0.000296996,0.602910643,0.605948541,0,1,1,1,-0.446407018,16,1.420391927
0.313616382,C,Low Shade,T1,903,223,6,0.727151804,-0.413535422,0.058592674,0.00021335,0.942850988,0.727151804,0,1,1,1,-0.413535422,14,1.669708749
0.089587377,C,Low Shade,T2,903,223,6,0.387211459,-0.297624082,0.057961149,0.000109173,0.602910643,0.387211459,0,1,1,1,-0.297624082,14,1.420391927
0.27739012,C,Low Shade,T1,855,236,2,1.336370257,-1.058980137,0.070817846,0.001735783,0.942850988,1.336370257,0,1,1,1,-1.058980137,13,1.669708749
0.407498568,C,Low Shade,T2,855,236,2,0.996429913,-0.588931344,0.06817758,0.000513906,0.602910643,0.996429913,0,1,1,1,-0.588931344,13,1.420391927
0.387458491,C,Low Shade,T1,892,240,10,1.011305918,-0.623847426,0.06963324,0.000590804,0.942850988,1.011305918,0,1,1,1,-0.623847426,16,1.669708749
0.260449233,C,Low Shade,T2,892,240,10,0.671365573,-0.41091634,0.068824369,0.000252909,0.602910643,0.671365573,0,1,1,1,-0.41091634,16,1.420391927
2.115621481,C,Low Shade,T1,885,243,14,0.677100367,1.438521115,0.063680256,0.002836401,0.942850988,0.677100367,0,1,1,1,1.438521115,17,1.669708749
2.195203646,C,Low Shade,T2,885,243,14,0.337160022,1.858043624,0.062925545,0.004668414,0.602910643,0.337160022,0,1,1,1,1.858043624,17,1.420391927
0.204226853,C,Low Shade,T1,882,248,6,0.715779544,-0.511552691,0.058916436,0.000328503,0.942850988,0.715779544,0,1,1,1,-0.511552691,14,1.669708749
0.054846275,C,Low Shade,T2,882,248,6,0.375839199,-0.320992925,0.058286452,0.000127791,0.602910643,0.375839199,0,1,1,1,-0.320992925,14,1.420391927
1.117321848,C,Low Shade,T1,901,257,2,1.40452193,-0.287200082,0.070799029,0.000127631,0.942850988,1.40452193,0,1,1,1,-0.287200082,13,1.669708749
1.531575078,C,Low Shade,T2,901,257,2,1.064581586,0.466993492,0.068160588,0.000323037,0.602910643,1.064581586,0,1,1,1,0.466993492,13,1.420391927
0.649983058,C,Low Shade,T1,887,261,6,0.756557817,-0.106574758,0.058592674,1.42E-05,0.942850988,0.756557817,0,1,1,1,-0.106574758,14,1.669708749
0.192337252,C,Low Shade,T2,887,261,6,0.416617472,-0.224280221,0.057961149,6.20E-05,0.602910643,0.416617472,0,1,1,1,-0.224280221,14,1.420391927
0.403343844,C,Low Shade,T1,883,270,14,0.596040826,-0.192696982,0.063688191,5.09E-05,0.942850988,0.596040826,0,1,1,1,-0.192696982,17,1.669708749
0.457032118,C,Low Shade,T2,883,270,14,0.256100481,0.200931637,0.062935306,5.46E-05,0.602910643,0.256100481,0,1,1,1,0.200931637,17,1.420391927
0.454212246,C,Low Shade,T1,869,275,2,1.31787429,-0.863662044,0.070799029,0.001154182,0.942850988,1.31787429,0,1,1,1,-0.863662044,13,1.669708749
0.477973501,C,Low Shade,T2,869,275,2,0.977933945,-0.499960444,0.068160588,0.000370255,0.602910643,0.977933945,0,1,1,1,-0.499960444,13,1.420391927
0.580779719,C,Low Shade,T1,900,278,6,0.78005444,-0.199274721,0.058761587,4.97E-05,0.942850988,0.78005444,0,1,1,1,-0.199274721,14,1.669708749
0.593161485,C,Low Shade,T2,900,278,6,0.440114096,0.153047389,0.058130264,2.90E-05,0.602910643,0.440114096,0,1,1,1,0.153047389,14,1.420391927
0.073740678,D,Natural,T1,852,2,9,1.079728881,-1.005988203,0.100804243,0.002380865,0.858675125,1.079728881,0,1,1,1,-1.005988203,16,4.128284062
0.499561814,D,Natural,T1,862,6,1,0.783505878,-0.283944064,0.099503593,0.000186689,0.858675125,0.783505878,0,1,1,1,-0.283944064,13,4.128284062
-0.432823221,D,Natural,T2,862,6,1,1.088955938,-1.52177916,0.119878157,0.006762955,1.164125186,1.088955938,0,1,1,1,-1.52177916,13,3.470265788
0.227923362,D,Natural,T1,886,11,13,0.847523096,-0.619599735,0.107646603,0.000979327,0.858675125,0.847523096,0,1,1,1,-0.619599735,17,4.128284062
0.401909437,D,Natural,T2,886,11,13,1.152973156,-0.751063719,0.130051186,0.001829192,1.164125186,1.152973156,0,1,1,1,-0.751063719,17,3.470265788
1.288484262,C,Natural,T1,867,14,5,1.453814734,-0.165330472,0.060177034,3.51E-05,1.710935246,1.453814734,0,1,1,1,-0.165330472,14,4.128284062
2.031377311,C,Natural,T2,867,14,5,1.709613374,0.321763938,0.060177034,0.000133104,1.966733886,1.709613374,0,1,1,1,0.321763938,14,3.470265788
0.381824627,D,Natural,T1,864,20,1,0.984497918,-0.602673291,0.100743062,0.000853867,0.858675125,0.984497918,0,1,1,1,-0.602673291,13,4.128284062
0.266512051,D,Natural,T1,854,26,5,0.608904826,-0.342392774,0.100407381,0.000274474,0.858675125,0.608904826,0,1,1,1,-0.342392774,14,4.128284062
0.926180684,D,Natural,T2,854,26,5,0.914354886,0.011825799,0.120828085,4.13E-07,1.164125186,0.914354886,0,1,1,1,0.011825799,14,3.470265788
0.736275041,D,Natural,T1,876,31,9,1.098080502,-0.361805461,0.100240396,0.000305857,0.858675125,1.098080502,0,1,1,1,-0.361805461,16,4.128284062
0.978762957,D,Natural,T2,876,31,9,1.403530562,-0.424767605,0.116267712,0.000506873,1.164125186,1.403530562,0,1,1,1,-0.424767605,16,3.470265788
3.398727781,D,Natural,T1,896,35,1,1.097342297,2.301385484,0.099477237,0.012260038,0.858675125,1.097342297,0,1,1,1,2.301385484,13,4.128284062
3.032798154,D,Natural,T2,896,35,1,1.402792358,1.630005796,0.119867434,0.00775822,1.164125186,1.402792358,0,1,1,1,1.630005796,13,3.470265788
1.642030747,C,Natural,T1,871,41,13,1.555832329,0.086198418,0.058348211,9.23E-06,1.710935246,1.555832329,0,1,1,1,0.086198418,17,4.128284062
1.861846964,C,Natural,T2,871,41,13,1.811630969,0.050215995,0.058348211,3.13E-06,1.966733886,1.811630969,0,1,1,1,0.050215995,17,3.470265788
0.423842348,C,Natural,T1,893,43,13,1.507899681,-1.084057333,0.057677673,0.00144043,1.710935246,1.507899681,0,1,1,1,-1.084057333,17,4.128284062
0.569389604,C,Natural,T2,893,43,13,1.763698321,-1.194308717,0.057677673,0.001748319,1.966733886,1.763698321,0,1,1,1,-1.194308717,17,3.470265788
0.546311278,D,Natural,T1,867B,47,5,0.593951957,-0.047640679,0.101162284,5.36E-06,0.858675125,0.593951957,0,1,1,1,-0.047640679,14,4.128284062
1.09679248,D,Natural,T1,912,53,9,1.100877179,-0.004084699,0.10037035,3.90E-08,0.858675125,1.100877179,0,1,1,1,-0.004084699,16,4.128284062
2.074511015,D,Natural,T2,912,53,9,1.406327239,0.668183776,0.116393465,0.001255976,1.164125186,1.406327239,0,1,1,1,0.668183776,16,3.470265788
1.048554094,D,Natural,T1,916,56,5,0.593330738,0.455223356,0.100379648,0.000485015,0.858675125,0.593330738,0,1,1,1,0.455223356,14,4.128284062
0.30777998,D,Natural,T2,916,56,5,0.898780798,-0.591000818,0.120802445,0.001030049,1.164125186,0.898780798,0,1,1,1,-0.591000818,14,3.470265788
0.672169889,D,Natural,T1,922,70,13,0.68390124,-0.011731351,0.108504103,3.55E-07,0.858675125,0.68390124,0,1,1,1,-0.011731351,17,4.128284062
1.031534729,C,Natural,T1,920,74,1,1.836015632,-0.804480903,0.056601037,0.000776683,1.710935246,1.836015632,0,1,1,1,-0.804480903,13,4.128284062
3.236914663,C,Natural,T2,920,74,1,2.091814272,1.145100391,0.056601037,0.001573619,1.966733886,2.091814272,0,1,1,1,1.145100391,13,3.470265788
0.322874638,D,Natural,T1,909,75,5,0.782775315,-0.459900677,0.100379648,0.000495033,0.858675125,0.782775315,0,1,1,1,-0.459900677,14,4.128284062
0.61249587,D,Natural,T2,909,75,5,1.088225375,-0.475729505,0.120802445,0.000667424,1.164125186,1.088225375,0,1,1,1,-0.475729505,14,3.470265788
2.139001248,D,Natural,T1,910,78,9,1.1364207,1.002580548,0.100224253,0.002348127,0.858675125,1.1364207,0,1,1,1,1.002580548,16,4.128284062
2.790924718,D,Natural,T2,910,78,9,1.44187076,1.349053957,0.116249755,0.005111759,1.164125186,1.44187076,0,1,1,1,1.349053957,16,3.470265788
0.977541117,D,Natural,T1,911,83,1,0.996969572,-0.019428454,0.099489965,8.74E-07,0.858675125,0.996969572,0,1,1,1,-0.019428454,13,4.128284062
2.395127922,D,Natural,T2,911,83,1,1.302419632,1.09270829,0.119869317,0.003486591,1.164125186,1.302419632,0,1,1,1,1.09270829,13,3.470265788
0.863016635,C,Natural,T1,873,102,9,1.896682625,-1.033665991,0.059942584,0.001367621,1.710935246,1.896682625,0,1,1,1,-1.033665991,16,4.128284062
1.414232529,C,Natural,T2,873,102,9,2.152481265,-0.738248736,0.059942584,0.000697607,1.966733886,2.152481265,0,1,1,1,-0.738248736,16,3.470265788
0.815906973,C,Natural,T1,881,107,1,1.802898347,-0.986991374,0.055636954,0.001146808,1.710935246,1.802898347,0,1,1,1,-0.986991374,13,4.128284062
2.579471006,C,Natural,T2,881,107,1,2.058696987,0.520774019,0.055636954,0.000319273,1.966733886,2.058696987,0,1,1,1,0.520774019,13,3.470265788
2.375982598,C,Natural,T1,875,113,13,1.588939242,0.787043356,0.057677673,0.00075925,1.710935246,1.588939242,0,1,1,1,0.787043356,17,4.128284062
3.824566203,C,Natural,T2,875,113,13,1.844737882,1.979828321,0.057677673,0.004804438,1.966733886,1.844737882,0,1,1,1,1.979828321,17,3.470265788
1.758983217,C,Natural,T1,866,117,13,1.536526795,0.222456422,0.058019962,6.11E-05,1.710935246,1.536526795,0,1,1,1,0.222456422,17,4.128284062
1.988747388,C,Natural,T2,866,117,13,1.792325435,0.196421952,0.058019962,4.76E-05,1.966733886,1.792325435,0,1,1,1,0.196421952,17,3.470265788
1.038949296,C,Natural,T1,857,123,1,1.827569665,-0.788620369,0.055579935,0.000731311,1.710935246,1.827569665,0,1,1,1,-0.788620369,13,4.128284062
1.31308293,C,Natural,T2,857,123,1,2.083368305,-0.770285375,0.055579935,0.000697702,1.966733886,2.083368305,0,1,1,1,-0.770285375,13,3.470265788
1.323063801,C,Natural,T1,857,124,1,1.827569665,-0.504505864,0.055579935,0.000299295,1.710935246,1.827569665,0,1,1,1,-0.504505864,13,4.128284062
2.750436146,C,Natural,T2,857,124,1,2.083368305,0.667067841,0.055579935,0.000523247,1.966733886,2.083368305,0,1,1,1,0.667067841,13,3.470265788
0.256271412,C,Natural,T1,863,126,1,1.791458921,-1.535187509,0.056601037,0.002828363,1.710935246,1.791458921,0,1,1,1,-1.535187509,13,4.128284062
0.357423663,C,Natural,T2,863,126,1,2.047257561,-1.689833897,0.056601037,0.003426892,1.966733886,2.047257561,0,1,1,1,-1.689833897,13,3.470265788
0.693306566,C,Natural,T1,859,130,13,1.515025347,-0.821718781,0.057677673,0.000827626,1.710935246,1.515025347,0,1,1,1,-0.821718781,17,4.128284062
1.003758893,C,Natural,T2,859,130,13,1.770823987,-0.767065094,0.057677673,0.000721194,1.966733886,1.770823987,0,1,1,1,-0.767065094,17,3.470265788
0.394871963,D,Natural,T2,878,134,9,1.382308774,-0.98743681,0.117113777,0.002764368,1.164125186,1.382308774,0,1,1,1,-0.98743681,16,3.470265788
0.90444219,C,Natural,T1,877,138,5,1.440744009,-0.536301819,0.060177034,0.000369774,1.710935246,1.440744009,0,1,1,1,-0.536301819,14,4.128284062
1.603038856,C,Natural,T2,877,138,5,1.696542649,-0.093503793,0.060177034,1.12E-05,1.966733886,1.696542649,0,1,1,1,-0.093503793,14,3.470265788
2.424839798,C,Natural,T1,861,148,5,1.694910511,0.729929287,0.060177034,0.000684982,1.710935246,1.694910511,0,1,1,1,0.729929287,14,4.128284062
3.058374592,C,Natural,T2,861,148,5,1.950709151,1.107665441,0.060177034,0.001577374,1.966733886,1.950709151,0,1,1,1,1.107665441,14,3.470265788
0.307860494,C,Natural,T2,860,156,9,2.377909338,-2.070048843,0.059942584,0.005484874,1.966733886,2.377909338,0,1,1,1,-2.070048843,16,3.470265788
1.831195403,C,Natural,T1,890,161,13,1.569459898,0.261735506,0.057677673,8.40E-05,1.710935246,1.569459898,0,1,1,1,0.261735506,17,4.128284062
1.959743564,C,Natural,T2,890,161,13,1.825258538,0.134485027,0.057677673,2.22E-05,1.966733886,1.825258538,0,1,1,1,0.134485027,17,3.470265788
0.386139228,C,Natural,T1,881,186,5,1.434334739,-1.048195511,0.059222142,0.001387309,1.710935246,1.434334739,0,1,1,1,-1.048195511,14,4.128284062
1.08744101,C,Natural,T2,881,186,5,1.690133379,-0.60269237,0.059222142,0.000458649,1.966733886,1.690133379,0,1,1,1,-0.60269237,14,3.470265788
1.222787657,C,Natural,T1,872,191,9,1.957157574,-0.734369917,0.060596076,0.000698793,1.710935246,1.957157574,0,1,1,1,-0.734369917,16,4.128284062
2.509366742,C,Natural,T2,872,191,9,2.212956215,0.296410527,0.060596076,0.000113843,1.966733886,2.212956215,0,1,1,1,0.296410527,16,3.470265788
1.487075928,C,Natural,T1,905,198,1,1.807953088,-0.32087716,0.056601037,0.000123563,1.710935246,1.807953088,0,1,1,1,-0.32087716,13,4.128284062
1.323540672,C,Natural,T2,905,198,1,2.063751728,-0.740211056,0.056601037,0.000657542,1.966733886,2.063751728,0,1,1,1,-0.740211056,13,3.470265788
0.998476161,C,Natural,T1,895,202,9,2.069439504,-1.070963343,0.059937018,0.001467943,1.710935246,2.069439504,0,1,1,1,-1.070963343,16,4.128284062
1.430823196,C,Natural,T2,895,202,9,2.325238144,-0.894414949,0.059937018,0.001023854,1.966733886,2.325238144,0,1,1,1,-0.894414949,16,3.470265788
0.437412165,C,Natural,T1,856,206,9,1.90920713,-1.471794964,0.060592404,0.002806619,1.710935246,1.90920713,0,1,1,1,-1.471794964,16,4.128284062
1.000665017,C,Natural,T2,856,206,9,2.16500577,-1.164340752,0.060592404,0.001756503,1.966733886,2.16500577,0,1,1,1,-1.164340752,16,3.470265788
1.115072373,C,Natural,T1,879,210,5,1.460625437,-0.345553064,0.060515267,0.000154488,1.710935246,1.460625437,0,1,1,1,-0.345553064,14,4.128284062
1.298180112,C,Natural,T2,879,210,5,1.716424078,-0.418243965,0.060515267,0.00022632,1.966733886,1.716424078,0,1,1,1,-0.418243965,14,3.470265788
0.380165107,C,Natural,T1,888,221,5,1.412897964,-1.032732857,0.060201759,0.001371812,1.710935246,1.412897964,0,1,1,1,-1.032732857,14,4.128284062
0.643477443,C,Natural,T2,888,221,5,1.668696604,-1.025219162,0.060201759,0.001351923,1.966733886,1.668696604,0,1,1,1,-1.025219162,14,3.470265788
0.576081254,C,Natural,T1,903,222,13,1.522409592,-0.946328338,0.057677673,0.001097669,1.710935246,1.522409592,0,1,1,1,-0.946328338,17,4.128284062
1.114363866,C,Natural,T2,903,222,13,1.778208232,-0.663844366,0.057677673,0.000540157,1.966733886,1.778208232,0,1,1,1,-0.663844366,17,3.470265788
1.761971123,C,Natural,T1,891,230,1,1.856221581,-0.094250459,0.056915583,1.07E-05,1.710935246,1.856221581,0,1,1,1,-0.094250459,13,4.128284062
2.698656027,C,Natural,T2,891,230,1,2.112020221,0.586635805,0.056915583,0.000415572,1.966733886,2.112020221,0,1,1,1,0.586635805,13,3.470265788
1.103744052,C,Natural,T1,855,237,5,1.458854145,-0.355110093,0.06020001,0.000162192,1.710935246,1.458854145,0,1,1,1,-0.355110093,14,4.128284062
1.941163082,C,Natural,T2,855,237,5,1.714652785,0.226510297,0.06020001,6.60E-05,1.966733886,1.714652785,0,1,1,1,0.226510297,14,3.470265788
2.455584454,C,Natural,T1,892,238,1,1.846878605,0.60870585,0.056928797,0.000447545,1.710935246,1.846878605,0,1,1,1,0.60870585,13,4.128284062
2.532713427,C,Natural,T2,892,238,1,2.102677245,0.430036182,0.056928797,0.000223374,1.966733886,2.102677245,0,1,1,1,0.430036182,13,3.470265788
2.006243273,C,Natural,T1,885,242,5,1.513163486,0.493079787,0.060177034,0.000312573,1.710935246,1.513163486,0,1,1,1,0.493079787,14,4.128284062
2.072952794,C,Natural,T2,885,242,5,1.768962126,0.303990668,0.060177034,0.000118806,1.966733886,1.768962126,0,1,1,1,0.303990668,14,3.470265788
0.477338483,C,Natural,T1,882,247,13,1.511037332,-1.033698849,0.058000097,0.001317934,1.710935246,1.511037332,0,1,1,1,-1.033698849,17,4.128284062
0.732966031,C,Natural,T2,882,247,13,1.766835972,-1.033869942,0.058000097,0.001318371,1.966733886,1.766835972,0,1,1,1,-1.033869942,17,3.470265788
2.137048975,C,Natural,T1,865,251,1,1.857529731,0.279519244,0.056923158,9.44E-05,1.710935246,1.857529731,0,1,1,1,0.279519244,13,4.128284062
2.562425745,C,Natural,T2,865,251,1,2.113328371,0.449097374,0.056923158,0.000243587,1.966733886,2.113328371,0,1,1,1,0.449097374,13,3.470265788
2.317928245,C,Natural,T1,901,256,9,2.009965371,0.307962874,0.059937018,0.000121383,1.710935246,2.009965371,0,1,1,1,0.307962874,16,4.128284062
3.904782101,C,Natural,T2,901,256,9,2.265764011,1.639018089,0.059937018,0.003438171,1.966733886,2.265764011,0,1,1,1,1.639018089,16,3.470265788
1.766920881,C,Natural,T1,887,260,13,1.551815605,0.215105275,0.057677673,5.67E-05,1.710935246,1.551815605,0,1,1,1,0.215105275,17,4.128284062
2.029826171,C,Natural,T2,887,260,13,1.807614245,0.222211926,0.057677673,6.05E-05,1.966733886,1.807614245,0,1,1,1,0.222211926,17,3.470265788
1.271534766,C,Natural,T1,883,269,9,1.915063498,-0.643528732,0.059942584,0.00053008,1.710935246,1.915063498,0,1,1,1,-0.643528732,16,4.128284062
1.237992867,C,Natural,T2,883,269,9,2.170862138,-0.932869271,0.059942584,0.001113902,1.966733886,2.170862138,0,1,1,1,-0.932869271,16,3.470265788
1.126219819,C,Natural,T1,869,274,9,1.92331773,-0.797097912,0.059937018,0.000813174,1.710935246,1.92331773,0,1,1,1,-0.797097912,16,4.128284062
1.342960076,C,Natural,T2,869,274,9,2.179116371,-0.836156294,0.059937018,0.000894818,1.966733886,2.179116371,0,1,1,1,-0.836156294,16,3.470265788
1.842810128,C,Natural,T1,900,279,13,1.575312229,0.2674979,0.057849521,8.80E-05,1.710935246,1.575312229,0,1,1,1,0.2674979,17,4.128284062
3.672054156,C,Natural,T2,900,279,13,1.831110869,1.840943287,0.057849521,0.004167914,1.966733886,1.831110869,0,1,1,1,1.840943287,17,3.470265788
1.640968271,C,Natural,T1,853,280,1,1.892252095,-0.251283825,0.057251187,7.68E-05,1.710935246,1.892252095,0,1,1,1,-0.251283825,13,4.128284062
5.665030238,C,Natural,T2,853,280,1,2.148050735,3.516979503,0.057251187,0.01503526,1.966733886,2.148050735,0,1,1,1,3.516979503,13,3.470265788